{
  "project_info": {
    "project_number": "198540505361",
    "firebase_url": "https://isikolanding.firebaseio.com",
    "project_id": "isikolanding",
    "storage_bucket": "isikolanding.appspot.com"
  },
  "client": [
    {
      "client_info": {
        "mobilesdk_app_id": "1:198540505361:android:ef81385feb22fbc7",
        "android_client_info": {
          "package_name": "com.isiko.isiko"
        }
      },
      "oauth_client": [
        {
          "client_id": "198540505361-9fi2qb40v38rhn748v6dii0cljaqkbrb.apps.googleusercontent.com",
          "client_type": 3
        }
      ],
      "api_key": [
        {
          "current_key": "AIzaSyBpNECJ-MF00rOKEfHtgujneSR9WgLkerI"
        }
      ],
      "services": {
        "analytics_service": {
          "status": 1
        },
        "appinvite_service": {
          "status": 1,
          "other_platform_oauth_client": []
        },
        "ads_service": {
          "status": 2
        }
      }
    }
  ],
  "configuration_version": "1"
}